{
  "methods": [
    "mof"
  ],
  "seeds": [42, 43, 44],
  "folds": 5,
  "runs": {
    "mof": [
      {
        "fusion_method": "mof",
        "seed": 42,
        "cv_val_acc_folds": [0.75, 0.755888650963598, 0.713701431492843, 0.776785714285714, 0.761797752808989],
        "cv_val_f1_folds": [0.715449286438348, 0.719473252209946, 0.687216156698288, 0.749344339937574, 0.717845152578293],
        "cv_test_acc_folds": [0.760188087774295, 0.736677115987461, 0.74294670846395, 0.761755485893417, 0.739811912225705],
        "cv_test_f1_folds": [0.709931848994429, 0.689699414712822, 0.702618868395501, 0.722665214647422, 0.68771243641003],
        "cv_val_f1_mean": 0.71786563757249,
        "cv_val_f1_std": 0.0220154660279351,
        "cv_test_f1_mean": 0.702525556632041,
        "cv_test_f1_std": 0.014529333655252,
        "cv_val_confusion": {
          "cm_mean": [
            [137.4, 25.2, 10.6],
            [22.2, 52.2, 17.6],
            [18.2, 21.4, 157.8]
          ],
          "cm_std": [
            [14.4672042910854, 15.0897316079512, 3.57770876399966],
            [7.04982269280583, 7.15541752799933, 4.09878030638384],
            [3.27108544675923, 6.50384501660364, 9.01110426085505]
          ],
          "cm_mean_normalized": [
            [0.793302540415705, 0.145496535796767, 0.0612009237875289],
            [0.241304347826087, 0.567391304347826, 0.191304347826087],
            [0.0921985815602837, 0.108409321175279, 0.799392097264438]
          ],
          "cm_std_normalized": [
            [0.083528893135597, 0.0871231617087249, 0.020656517113162],
            [0.0766285075304981, 0.0777762774782536, 0.0445519598519983],
            [0.0165708482611916, 0.0329475431438888, 0.0456489577550914]
          ]
        },
        "cv_val_oof_ens_acc": 0.750972762645914,
        "cv_val_oof_ens_f1": 0.717745661195037,
        "cv_val_oof_ens_confusion": {
          "cm_mean": [
            [687, 126, 53],
            [111, 261, 88],
            [91, 107, 789]
          ],
          "cm_std": [
            [0, 0, 0],
            [0, 0, 0],
            [0, 0, 0]
          ],
          "cm_mean_normalized": [
            [0.793302540415704, 0.145496535796767, 0.0612009237875289],
            [0.241304347826087, 0.567391304347826, 0.191304347826087],
            [0.0921985815602837, 0.108409321175279, 0.799392097264438]
          ],
          "cm_std_normalized": [
            [0, 0, 0],
            [0, 0, 0],
            [0, 0, 0]
          ]
        },
        "cv_test_ens_acc": 0.763322884012539,
        "cv_test_ens_f1": 0.716464942537007,
        "cv_test_ens_confusion": {
          "cm_mean": [
            [104, 10, 14],
            [54, 87, 28],
            [21, 24, 296]
          ],
          "cm_std": [
            [0, 0, 0],
            [0, 0, 0],
            [0, 0, 0]
          ],
          "cm_mean_normalized": [
            [0.8125, 0.078125, 0.109375],
            [0.319526627218935, 0.514792899408284, 0.165680473372781],
            [0.06158357771261, 0.0703812316715543, 0.868035190615836]
          ],
          "cm_std_normalized": [
            [0, 0, 0],
            [0, 0, 0],
            [0, 0, 0]
          ]
        },
        "full_test_acc": 0.755485893416928,
        "full_test_f1": 0.700049733957392
      },
      {
        "fusion_method": "mof",
        "seed": 43,
        "cv_val_acc_folds": [0.71551724137931, 0.740899357601713, 0.754601226993865, 0.770089285714286, 0.757303370786517],
        "cv_val_f1_folds": [0.684388170779475, 0.703013911336369, 0.709029896323245, 0.735330769587837, 0.698143115942029],
        "cv_test_acc_folds": [0.736677115987461, 0.747648902821317, 0.74294670846395, 0.746081504702194, 0.727272727272727],
        "cv_test_f1_folds": [0.684853668254292, 0.69415250046325, 0.695955369989982, 0.704327656617367, 0.647152847152847],
        "cv_val_f1_mean": 0.705981172793791,
        "cv_val_f1_std": 0.0187562726766975,
        "cv_test_f1_mean": 0.685288408495548,
        "cv_test_f1_std": 0.0224129382331951,
        "cv_val_confusion": {
          "cm_mean": [
            [141.6, 17.8, 13.8],
            [27.4, 45, 19.6],
            [21.8, 16.4, 159.2]
          ],
          "cm_std": [
            [8.79204185613331, 5.21536192416212, 4.14728827066554],
            [6.73052746818554, 6.89202437604511, 2.96647939483827],
            [5.44977063737549, 6.18869937870632, 9.49736805646701]
          ],
          "cm_mean_normalized": [
            [0.817551963048499, 0.102771362586605, 0.0796766743648961],
            [0.297826086956522, 0.489130434782609, 0.21304347826087],
            [0.110435663627153, 0.083080040526849, 0.806484295845998]
          ],
          "cm_std_normalized": [
            [0.0507623663749036, 0.0301117894004741, 0.0239450823941429],
            [0.0731579072628863, 0.0749133084352729, 0.032244341248242],
            [0.0276077539887309, 0.0313510606824028, 0.0481123001847366]
          ]
        },
        "cv_val_oof_ens_acc": 0.747514051015997,
        "cv_val_oof_ens_f1": 0.706711056337225,
        "cv_val_oof_ens_confusion": {
          "cm_mean": [
            [708, 89, 69],
            [137, 225, 98],
            [109, 82, 796]
          ],
          "cm_std": [
            [0, 0, 0],
            [0, 0, 0],
            [0, 0, 0]
          ],
          "cm_mean_normalized": [
            [0.817551963048499, 0.102771362586605, 0.0796766743648961],
            [0.297826086956522, 0.489130434782609, 0.21304347826087],
            [0.110435663627153, 0.083080040526849, 0.806484295845998]
          ],
          "cm_std_normalized": [
            [0, 0, 0],
            [0, 0, 0],
            [0, 0, 0]
          ]
        },
        "cv_test_ens_acc": 0.763322884012539,
        "cv_test_ens_f1": 0.71304858767853,
        "cv_test_ens_confusion": {
          "cm_mean": [
            [110, 8, 10],
            [59, 80, 30],
            [23, 21, 297]
          ],
          "cm_std": [
            [0, 0, 0],
            [0, 0, 0],
            [0, 0, 0]
          ],
          "cm_mean_normalized": [
            [0.859375, 0.0625, 0.078125],
            [0.349112426035503, 0.473372781065089, 0.177514792899408],
            [0.0674486803519062, 0.06158357771261, 0.870967741935484]
          ],
          "cm_std_normalized": [
            [0, 0, 0],
            [0, 0, 0],
            [0, 0, 0]
          ]
        },
        "full_test_acc": 0.735109717868339,
        "full_test_f1": 0.676760025812634
      },
      {
        "fusion_method": "mof",
        "seed": 44,
        "cv_val_acc_folds": [0.72198275862069, 0.755888650963598, 0.744376278118609, 0.787946428571429, 0.770786516853933],
        "cv_val_f1_folds": [0.686455044773786, 0.713995577481459, 0.71076030123362, 0.754498802600068, 0.726934679324755],
        "cv_test_acc_folds": [0.769592476489028, 0.738244514106583, 0.761755485893417, 0.747648902821317, 0.750783699059561],
        "cv_test_f1_folds": [0.733450275535051, 0.686063553140418, 0.721394318783704, 0.69090677904139, 0.697657679981942],
        "cv_val_f1_mean": 0.718528881082738,
        "cv_val_f1_std": 0.0248702902477804,
        "cv_test_f1_mean": 0.705894521296501,
        "cv_test_f1_std": 0.0205262550441749,
        "cv_val_confusion": {
          "cm_mean": [
            [136.4, 21, 15.8],
            [22.6, 48.8, 20.6],
            [15, 18, 164.4]
          ],
          "cm_std": [
            [9.18150314491042, 10.9087121146357, 4.26614580154031],
            [5.31977443130815, 5.54075807087803, 4.15932686861708],
            [3.74165738677394, 6.81909084849293, 12.2188379152847]
          ],
          "cm_mean_normalized": [
            [0.787528868360277, 0.121247113163972, 0.0912240184757506],
            [0.245652173913044, 0.530434782608696, 0.223913043478261],
            [0.0759878419452888, 0.0911854103343465, 0.832826747720365]
          ],